{
  "dataset": "data/symptom-based-disease-prediction-dataset/disease_prediction.csv",
  "model_family": "log_reg",
  "best_params": {
    "model__C": 5.0,
    "model__solver": "lbfgs"
  },
  "cv_best_score": 0.8942021276595744,
  "test_accuracy": 0.886,
  "test_f1_weighted": 0.8857362115488397,
  "classification_report": {
    "Malaria": {
      "precision": 0.8660436137071651,
      "recall": 0.8348348348348348,
      "f1-score": 0.8501529051987767,
      "support": 333.0
    },
    "Pneumonia": {
      "precision": 0.9129129129129129,
      "recall": 0.9129129129129129,
      "f1-score": 0.9129129129129129,
      "support": 333.0
    },
    "Typhoid": {
      "precision": 0.8786127167630058,
      "recall": 0.9101796407185628,
      "f1-score": 0.8941176470588236,
      "support": 334.0
    },
    "accuracy": 0.886,
    "macro avg": {
      "precision": 0.885856414461028,
      "recall": 0.8859757961554369,
      "f1-score": 0.8857278217235044,
      "support": 1000.0
    },
    "weighted avg": {
      "precision": 0.8858491707633298,
      "recall": 0.886,
      "f1-score": 0.8857362115488397,
      "support": 1000.0
    }
  },
  "feature_count": 15,
  "train_samples": 3998,
  "test_samples": 1000
}